{
  "total_loss": [
    416.0851745605469,
    163.8508758544922,
    150.61399841308594,
    133.0540313720703,
    125.09686279296875,
    117.16802978515625,
    106.12141418457031,
    101.01736450195312,
    98.04676818847656,
    91.09405517578125,
    95.53407287597656,
    90.01567077636719,
    87.7632064819336,
    88.44803619384766,
    83.82587432861328,
    80.57355499267578,
    85.59255981445312,
    79.66368865966797,
    77.8056640625,
    77.30731201171875,
    75.6751708984375,
    75.61476135253906,
    77.7539291381836,
    72.7536849975586,
    71.55493927001953,
    69.32500457763672,
    75.09318542480469,
    70.20785522460938,
    67.5653076171875,
    71.19107055664062,
    68.80155944824219,
    66.92157745361328,
    65.33295440673828,
    65.6671142578125,
    64.53816986083984,
    65.8541488647461,
    69.5215835571289,
    62.49433898925781,
    60.57166290283203,
    61.83366012573242,
    57.49716567993164,
    56.401206970214844,
    58.14003372192383,
    59.94938278198242,
    58.589988708496094,
    56.91690444946289,
    56.845516204833984,
    58.32164764404297,
    54.59367370605469,
    54.81794738769531,
    53.82500457763672,
    55.533180236816406,
    54.406288146972656,
    52.22759246826172,
    52.3994140625,
    52.97980880737305,
    53.05974578857422,
    51.379276275634766,
    52.204994201660156,
    51.503997802734375,
    51.55380630493164,
    50.130531311035156,
    50.173404693603516,
    51.427757263183594,
    51.04351806640625,
    50.96656799316406,
    50.19019317626953,
    49.56431579589844,
    50.109130859375,
    49.70534896850586,
    49.82077407836914,
    49.67452621459961
  ],
  "reconstruction_loss": [
    414.2637634277344,
    162.9924774169922,
    149.88018798828125,
    132.47885131835938,
    124.58302307128906,
    116.6456527709961,
    105.59357452392578,
    100.48625183105469,
    97.52095794677734,
    90.57564544677734,
    95.01991271972656,
    89.50827026367188,
    87.251220703125,
    87.92558288574219,
    83.28823852539062,
    80.04161834716797,
    85.06068420410156,
    79.12903594970703,
    77.27246856689453,
    76.77848815917969,
    75.12867736816406,
    75.04377746582031,
    77.17173767089844,
    72.17839050292969,
    70.98436737060547,
    68.74339294433594,
    74.5163345336914,
    69.62749481201172,
    66.99058532714844,
    70.61356353759766,
    68.22142028808594,
    66.36135864257812,
    64.7791519165039,
    65.1093521118164,
    63.98683166503906,
    65.29228210449219,
    68.94670867919922,
    61.93324661254883,
    60.03013229370117,
    61.299591064453125,
    56.976409912109375,
    55.896263122558594,
    57.638084411621094,
    59.452720642089844,
    58.09672546386719,
    56.428550720214844,
    56.3590202331543,
    57.842655181884766,
    54.12630844116211,
    54.358154296875,
    53.36921310424805,
    55.08534622192383,
    53.96322250366211,
    51.78932571411133,
    51.966285705566406,
    52.55031204223633,
    52.633766174316406,
    50.957454681396484,
    51.78733444213867,
    51.090763092041016,
    51.143768310546875,
    49.72126388549805,
    49.76858139038086,
    51.02564239501953,
    50.64435958862305,
    50.569393157958984,
    49.79412841796875,
    49.171878814697266,
    49.715843200683594,
    49.314762115478516,
    49.4298095703125,
    49.28496551513672
  ],
  "kl_loss": [
    1821.5426025390625,
    858.39013671875,
    733.8665161132812,
    575.1856079101562,
    513.84375,
    522.3860473632812,
    527.8161010742188,
    531.0950317382812,
    525.7963256835938,
    518.3970336914062,
    514.1657104492188,
    507.41778564453125,
    511.9636535644531,
    522.442626953125,
    537.6305541992188,
    531.91748046875,
    531.8605346679688,
    534.6397094726562,
    533.2008666992188,
    528.8279418945312,
    546.497314453125,
    570.9786376953125,
    582.177734375,
    575.2946166992188,
    570.600830078125,
    581.6305541992188,
    576.8576049804688,
    580.3627319335938,
    574.7366333007812,
    577.5234375,
    580.1351928710938,
    560.2212524414062,
    553.7966918945312,
    557.754638671875,
    551.3259887695312,
    561.8746337890625,
    574.8670654296875,
    561.0886840820312,
    541.5223999023438,
    534.0689086914062,
    520.7548828125,
    504.94305419921875,
    501.9528503417969,
    496.6676940917969,
    493.2544860839844,
    488.354736328125,
    486.50384521484375,
    478.9967041015625,
    467.3744812011719,
    459.7781066894531,
    455.7886962890625,
    447.8287048339844,
    443.0657653808594,
    438.2469482421875,
    433.1208801269531,
    429.4945068359375,
    425.98858642578125,
    421.8105163574219,
    417.6575622558594,
    413.23638916015625,
    410.0553283691406,
    409.27838134765625,
    404.8222351074219,
    402.1094665527344,
    399.1767578125,
    397.193359375,
    396.0579528808594,
    392.4323425292969,
    393.2833557128906,
    390.58184814453125,
    390.95159912109375,
    389.571533203125
  ],
  "val_total_loss": [
    1341.3458251953125,
    991.7177124023438,
    741.7435302734375,
    655.9873657226562,
    356.3558654785156,
    161.99966430664062,
    97.68863677978516,
    90.75495147705078,
    89.27938842773438,
    94.74463653564453,
    100.8780517578125,
    110.10380554199219,
    83.52672576904297,
    94.89295959472656,
    93.14781188964844,
    86.30436706542969,
    80.95378112792969,
    85.17237854003906,
    75.30406188964844,
    77.83879089355469,
    83.825927734375,
    92.93333435058594,
    70.85537719726562,
    97.5954360961914,
    77.2435073852539,
    68.91523742675781,
    77.31910705566406,
    93.486328125,
    77.05797576904297,
    66.88226318359375,
    78.03184509277344,
    64.7120590209961,
    66.81007385253906,
    72.95274353027344,
    68.3863525390625,
    68.5662841796875,
    80.55770874023438,
    63.4730339050293,
    67.20066833496094,
    64.8451919555664,
    67.63809967041016,
    63.97698211669922,
    63.30202102661133,
    63.454105377197266,
    64.73970794677734,
    65.81080627441406,
    64.22187042236328,
    70.29830932617188,
    65.46037292480469,
    66.83190155029297,
    64.97274780273438,
    66.39311218261719,
    65.487548828125,
    62.65673065185547,
    63.23964309692383,
    63.42202377319336,
    62.39890670776367,
    62.59010314941406,
    64.94844055175781,
    64.10464477539062,
    63.491554260253906,
    62.664241790771484,
    62.778953552246094,
    64.55099487304688,
    63.25523376464844,
    63.34002685546875,
    63.46796417236328,
    62.45763397216797,
    62.43779373168945,
    62.582275390625,
    63.019142150878906,
    63.02931594848633
  ],