{
  "threshold": 0.034565556328743696,
  "mean": 0.023775190114974976,
  "std": 0.003596788737922907,
  "k": 3.0
}