{
  "total_loss": [
    457.972900390625,
    178.31622314453125,
    153.5999298095703,
    143.3578643798828,
    136.04217529296875,
    123.60467529296875,
    110.74105834960938,
    109.36358642578125,
    95.47228240966797,
    97.69083404541016,
    94.73297882080078,
    93.48294830322266,
    89.99552154541016,
    87.4740219116211,
    83.6941146850586,
    80.70948791503906,
    79.0223159790039,
    77.14737701416016,
    76.5789566040039,
    73.9247055053711,
    73.80168151855469,
    73.63197326660156,
    74.11131286621094,
    71.71395874023438,
    73.92459869384766,
    70.90570831298828,
    71.1128921508789,
    70.02437591552734,
    68.59375762939453,
    68.6996078491211,
    69.25648498535156,
    67.37826538085938,
    65.24898529052734,
    66.05130767822266,
    64.26117706298828,
    65.5089111328125,
    65.45957946777344,
    68.32848358154297,
    62.70732116699219,
    59.66124725341797,
    61.5222053527832,
    59.232688903808594,
    60.41709899902344,
    60.860740661621094,
    59.24127960205078,
    61.47411346435547,
    58.09645462036133,
    58.307369232177734,
    56.98581314086914,
    56.24748229980469,
    57.48832702636719,
    57.4439811706543,
    55.96263885498047,
    57.96525955200195,
    57.55739212036133,
    56.96202087402344,
    57.7809944152832,
    56.64598846435547,
    57.28889465332031,
    56.670249938964844,
    55.844871520996094,
    54.72846984863281,
    54.5965576171875,
    55.8292236328125,
    55.851985931396484,
    55.68329620361328,
    55.94609069824219,
    54.74712371826172,
    55.12296676635742,
    55.750247955322266,
    54.4292106628418,
    53.624267578125,
    53.4495849609375,
    54.713748931884766,
    53.70796203613281,
    53.927059173583984,
    55.27676010131836,
    52.923458099365234,
    53.305416107177734,
    53.468997955322266,
    53.217098236083984,
    53.47284698486328,
    53.19401168823242,
    53.0790901184082,
    53.090877532958984,
    53.012577056884766,
    54.05671310424805,
    52.57634353637695,
    54.0040397644043,
    54.404720306396484,
    53.459232330322266,
    53.862911224365234,
    53.4719123840332,
    52.866661071777344
  ],
  "reconstruction_loss": [
    456.71075439453125,
    177.55447387695312,
    153.0333251953125,
    142.90675354003906,
    135.6328887939453,
    123.19038391113281,
    110.34798431396484,
    108.97148895263672,
    95.0680160522461,
    97.28547668457031,
    94.31989288330078,
    93.06083679199219,
    89.56421661376953,
    87.0450668334961,
    83.25877380371094,
    80.28118133544922,
    78.60816955566406,
    76.7415771484375,
    76.18026733398438,
    73.52960968017578,
    73.41326904296875,
    73.25030517578125,
    73.72928619384766,
    71.33257293701172,
    73.54257202148438,
    70.51924133300781,
    70.72577667236328,
    69.63360595703125,
    68.20372009277344,
    68.3127670288086,
    68.8717041015625,
    66.99182891845703,
    64.85499572753906,
    65.65837860107422,
    63.87272262573242,
    65.11588287353516,
    65.0584487915039,
    67.9237289428711,
    62.30562973022461,
    59.267852783203125,
    61.135765075683594,
    58.85084915161133,
    60.04340744018555,
    60.490482330322266,
    58.875953674316406,
    61.11359405517578,
    57.740272521972656,
    57.95573425292969,
    56.63622283935547,
    55.900638580322266,
    57.14405822753906,
    57.10090255737305,
    55.61864471435547,
    57.624664306640625,
    57.219207763671875,
    56.62665557861328,
    57.44740676879883,
    56.31431198120117,
    56.9576530456543,
    56.3417854309082,
    55.51646423339844,
    54.401390075683594,
    54.27008056640625,
    55.50522232055664,
    55.53017807006836,
    55.362571716308594,
    55.62747573852539,
    54.42911148071289,
    54.80657958984375,
    55.433616638183594,
    54.114410400390625,
    53.309513092041016,
    53.136024475097656,
    54.400474548339844,
    53.395347595214844,
    53.615135192871094,
    54.965309143066406,
    52.613243103027344,
    52.99578857421875,
    53.159156799316406,
    52.90861892700195,
    53.164649963378906,
    52.886383056640625,
    52.77206039428711,
    52.78358840942383,
    52.70613479614258,
    53.750099182128906,
    52.270591735839844,
    53.698265075683594,
    54.09859085083008,
    53.153873443603516,
    53.558372497558594,
    53.16808319091797,
    52.56205749511719
  ],
  "kl_loss": [
    1262.2645263671875,
    761.7957153320312,
    566.587158203125,
    451.0947570800781,
    409.2760314941406,
    414.2882080078125,
    393.0691833496094,
    392.076416015625,
    404.2530212402344,
    405.37335205078125,
    413.0570373535156,
    422.1172180175781,
    431.28790283203125,
    428.9543762207031,
    435.337158203125,
    428.3060607910156,
    414.13958740234375,
    405.8043212890625,
    398.69525146484375,
    395.101318359375,
    388.4058532714844,
    381.6778564453125,
    382.0435485839844,
    381.3858642578125,
    382.0216064453125,
    386.4571228027344,
    387.0981140136719,
    390.7601318359375,
    390.028564453125,
    386.8520812988281,
    384.7863464355469,
    386.47479248046875,
    393.99462890625,
    392.9029235839844,
    388.46197509765625,
    393.0372009277344,
    401.1431579589844,
    404.75714111328125,
    401.6956481933594,
    393.3948669433594,
    386.44384765625,
    381.84442138671875,
    373.69781494140625,
    370.25030517578125,
    365.33526611328125,
    360.5462951660156,
    356.1633605957031,
    351.6199035644531,
    349.57989501953125,
    346.84698486328125,
    344.2751770019531,
    343.10321044921875,
    343.9984436035156,
    340.59307861328125,
    338.1856994628906,
    335.3539733886719,
    333.5841979980469,
    331.67095947265625,
    331.2464294433594,
    328.4619140625,
    328.40533447265625,
    327.0864562988281,
    326.46527099609375,
    324.00897216796875,
    321.8168640136719,
    320.7222900390625,
    318.6228942871094,
    318.0272216796875,
    316.3918151855469,
    316.63128662109375,
    314.7986145019531,
    314.74993896484375,
    313.5690002441406,
    313.27569580078125,
    312.625732421875,
    311.9414367675781,
    311.4580993652344,
    310.2119140625,
    309.6372375488281,
    309.84393310546875,
    308.48663330078125,
    308.1869201660156,
    307.6278381347656,
    307.0227966308594,
    307.28424072265625,
    306.4332580566406,
    306.62408447265625,
    305.7561340332031,
    305.7855529785156,
    306.1270751953125,
    305.3578186035156,
    304.5435485839844,
    303.8365783691406,
    304.587890625
  ],