{
  "threshold": 0.033114869421720504,
  "threshold_method": "mean + 3.0*std",
  "normal_scores": {
    "mean": 0.030356332659721375,
    "std": 0.014673881232738495,
    "min": 0.016813013702630997,
    "max": 0.17142195999622345
  },
  "anomaly_scores": {
    "mean": 5.138331413269043,
    "std": 49.02641296386719,
    "min": 0.2897324562072754,
    "max": 693.5687255859375
  },
  "detection": {
    "normal_accuracy": 77.4468085106383,
    "anomaly_detection_rate": 100.0,
    "false_positive_rate": 22.553191489361694,
    "false_negative_rate": 0.0
  },
  "roc": {
    "auc": 1.0,
    "optimal_threshold": 0.2897324562072754,
    "optimal_tpr": 1.0,
    "optimal_fpr": 0.0
  },
  "precision_recall": {
    "pr_auc": 1.0
  }
}