{
  "threshold": 0.06539658457040787,
  "threshold_method": "mean + 3.0*std",
  "normal_scores": {
    "mean": 0.037535615265369415,
    "std": 0.023059330880641937,
    "min": 0.017518192529678345,
    "max": 0.3526460528373718
  },
  "anomaly_scores": {
    "mean": 1986.044189453125,
    "std": 24355.439453125,
    "min": 0.23524117469787598,
    "max": 341079.34375
  },
  "detection": {
    "normal_accuracy": 92.97872340425532,
    "anomaly_detection_rate": 100.0,
    "false_positive_rate": 7.0212765957446805,
    "false_negative_rate": 0.0
  },
  "roc": {
    "auc": 0.9997872340425532,
    "optimal_threshold": 0.23524117469787598,
    "optimal_tpr": 1.0,
    "optimal_fpr": 0.0010638297872340426
  },
  "precision_recall": {
    "pr_auc": 0.9988904915234568
  }
}