{
  "model_file": "vae_model.tflite",
  "detector_file": "anomaly_detector.tflite",
  "input_shape": [
    64,
    32,
    1
  ],
  "sample_rate": 16000,
  "n_fft": 1024,
  "hop_length": 512,
  "n_mels": 64,
  "f_min": 50,
  "f_max": 8000,
  "segment_duration": 1.0,
  "n_time_frames": 32,
  "normalization": {
    "mean": -46.312198638916016,
    "std": 16.456653594970703
  },
  "threshold": {
    "threshold": 0.0558185875415802,
    "mean": 0.031049618497490883,
    "std": 0.008256322704255581,
    "k": 3.0
  }
}