{
  "mean": -42.75923538208008,
  "std": 17.662687301635742,
  "fitted": true
}