{
  "threshold": 0.03157131769694388,
  "mean": 0.022987844422459602,
  "std": 0.0028611577581614256,
  "k": 3.0
}