{
  "threshold": 0.06539762020111084,
  "mean": 0.031441476196050644,
  "std": 0.01131871435791254,
  "k": 3.0
}