{
  "threshold": 0.06,
  "mean": 0.02311009354889393,
  "std": 0.003214194206520915,
  "k": 3.0
}