{
  "threshold": 0.0558185875415802,
  "mean": 0.031049618497490883,
  "std": 0.008256322704255581,
  "k": 3.0
}