{
  "threshold": 0.03157131769694388,
  "threshold_method": "mean + 3.0*std",
  "normal_scores": {
    "mean": 0.0303795263171196,
    "std": 0.01406452152878046,
    "min": 0.016603872179985046,
    "max": 0.1864721179008484
  },
  "anomaly_scores": {
    "mean": 7294.27880859375,
    "std": 100403.5625,
    "min": 0.35451120138168335,
    "max": 1423546.875
  },
  "detection": {
    "normal_accuracy": 73.93617021276596,
    "anomaly_detection_rate": 100.0,
    "false_positive_rate": 26.06382978723404,
    "false_negative_rate": 0.0
  },
  "roc": {
    "auc": 1.0,
    "optimal_threshold": 0.35451120138168335,
    "optimal_tpr": 1.0,
    "optimal_fpr": 0.0
  },
  "precision_recall": {
    "pr_auc": 1.0
  }
}