{
  "threshold": 0.033114869421720504,
  "mean": 0.022143881767988205,
  "std": 0.0024936937261372805,
  "k": 3.0
}