{
  "total_loss": [
    383.5869140625,
    163.1027069091797,
    141.3778076171875,
    125.98944091796875,
    113.81116485595703,
    107.61540985107422,
    105.74239349365234,
    97.0980224609375,
    95.1741714477539,
    90.55170440673828,
    92.90713500976562,
    88.59818267822266,
    83.88688659667969,
    80.5197525024414,
    80.83114624023438,
    81.71200561523438,
    77.02337646484375,
    76.6807632446289,
    75.47215270996094,
    73.71284484863281,
    72.90816497802734,
    70.95079040527344,
    72.04293823242188,
    71.26561737060547,
    69.38198852539062,
    68.27989196777344,
    67.00666046142578,
    70.35966491699219,
    65.02738189697266,
    67.24056243896484,
    63.858821868896484,
    64.71138000488281,
    67.04508972167969,
    65.13774108886719,
    65.5265121459961,
    64.19332122802734,
    63.50324249267578,
    64.29649353027344,
    62.47705841064453,
    60.56074523925781,
    61.67045974731445,
    62.34502410888672,
    58.202274322509766,
    58.83903884887695,
    58.30717849731445,
    56.353965759277344,
    55.710731506347656,
    57.069034576416016,
    53.53338623046875,
    53.814598083496094,
    51.40313720703125,
    53.3117561340332,
    53.26352310180664,
    50.506805419921875,
    51.98953628540039,
    51.8096923828125,
    51.615692138671875,
    50.91490173339844,
    50.82136154174805,
    50.127872467041016,
    50.2498779296875,
    49.80619430541992,
    49.32125473022461,
    50.64338302612305,
    49.190433502197266,
    49.73509979248047,
    49.19845199584961,
    49.732784271240234,
    49.600914001464844,
    47.89530563354492,
    48.49689865112305,
    49.122257232666016,
    48.74987030029297,
    49.28713607788086,
    48.69742202758789,
    48.43014144897461,
    47.959747314453125,
    48.06468200683594
  ],
  "reconstruction_loss": [
    381.94256591796875,
    162.23509216308594,
    140.781494140625,
    125.47783660888672,
    113.25382232666016,
    107.04906463623047,
    105.18122100830078,
    96.50967407226562,
    94.59406280517578,
    89.9724349975586,
    92.33646392822266,
    88.03866577148438,
    83.3331527709961,
    79.95890045166016,
    80.25728607177734,
    81.12260437011719,
    76.42591857910156,
    76.10090637207031,
    74.90000915527344,
    73.13887786865234,
    72.32460021972656,
    70.36778259277344,
    71.46881866455078,
    70.69297790527344,
    68.8013916015625,
    67.69969177246094,
    66.44197082519531,
    69.79757690429688,
    64.4745101928711,
    66.68498992919922,
    63.31393814086914,
    64.17085266113281,
    66.49061584472656,
    64.55625915527344,
    64.94990539550781,
    63.62635803222656,
    62.93633270263672,
    63.74040985107422,
    61.907630920410156,
    59.994239807128906,
    61.10480880737305,
    61.77961349487305,
    57.650577545166016,
    58.29887390136719,
    57.78557205200195,
    55.841949462890625,
    55.210792541503906,
    56.57320022583008,
    53.04719924926758,
    53.337764739990234,
    50.9370231628418,
    52.8514289855957,
    52.80562210083008,
    50.06060791015625,
    51.54867935180664,
    51.374298095703125,
    51.1827278137207,
    50.48628234863281,
    50.394309997558594,
    49.70444869995117,
    49.83007049560547,
    49.389156341552734,
    48.9061164855957,
    50.23114776611328,
    48.78046417236328,
    49.32666778564453,
    48.79364776611328,
    49.32902908325195,
    49.20006561279297,
    47.49687576293945,
    48.09907531738281,
    48.72517013549805,
    48.352760314941406,
    48.889915466308594,
    48.30343246459961,
    48.037776947021484,
    47.566036224365234,
    47.6732177734375
  ],
  "kl_loss": [
    1644.3004150390625,
    867.59912109375,
    596.2877197265625,
    511.6036682128906,
    557.3280029296875,
    566.3571166992188,
    561.1629028320312,
    588.3609008789062,
    580.1245727539062,
    579.2796020507812,
    570.6686401367188,
    559.5181274414062,
    553.6993408203125,
    560.8410034179688,
    573.8504028320312,
    589.3751220703125,
    597.4732666015625,
    579.8612670898438,
    572.1463012695312,
    573.9426879882812,
    583.5689086914062,
    583.0043334960938,
    574.12451171875,
    572.627197265625,
    580.6188354492188,
    580.1961669921875,
    564.6895751953125,
    562.11572265625,
    552.86181640625,
    555.5877075195312,
    544.8807983398438,
    540.540283203125,
    554.4746704101562,
    581.481201171875,
    576.58056640625,
    566.989013671875,
    566.8995361328125,
    556.0818481445312,
    569.4261474609375,
    566.5120849609375,
    565.6348876953125,
    565.4285278320312,
    551.6949462890625,
    540.1561889648438,
    521.6136474609375,
    512.0081176757812,
    499.9290771484375,
    495.82415771484375,
    486.1990966796875,
    476.8213806152344,
    466.1146545410156,
    460.33782958984375,
    457.8952941894531,
    446.209716796875,
    440.8752136230469,
    435.4037170410156,
    432.97314453125,
    428.6219177246094,
    427.04473876953125,
    423.4367980957031,
    419.8206787109375,
    417.0342712402344,
    415.14202880859375,
    412.2356872558594,
    409.98052978515625,
    408.44921875,
    404.7980651855469,
    403.7510681152344,
    400.84466552734375,
    398.4381103515625,
    397.8125,
    397.0827941894531,
    397.1070251464844,
    397.2288818359375,
    393.9888610839844,
    392.35687255859375,
    393.7207336425781,
    391.481201171875
  ],
  "val_total_loss": [
    1411.996826171875,
    1062.3355712890625,
    731.8646850585938,
    559.9636840820312,
    212.0703887939453,
    118.05657196044922,
    99.3875961303711,
    91.41908264160156,
    88.54065704345703,
    102.66612243652344,
    96.34742736816406,
    112.95272827148438,
    85.80194854736328,
    82.04464721679688,
    158.01341247558594,
    107.36821746826172,
    90.71538543701172,
    76.31244659423828,
    73.86428833007812,
    77.27178192138672,
    73.39386749267578,
    79.3271484375,
    70.03417205810547,
    83.59388732910156,
    71.1512680053711,
    69.92560577392578,
    72.37651062011719,
    70.9142074584961,
    69.5582504272461,
    72.58009338378906,
    72.08872985839844,
    68.73345184326172,
    72.78784942626953,
    88.37604522705078,
    72.4218978881836,
    87.15401458740234,
    65.19154357910156,
    76.53041076660156,
    76.1604232788086,
    66.70404052734375,
    75.15349578857422,
    74.65145874023438,
    63.51206970214844,
    67.59031677246094,
    63.564517974853516,
    68.21749114990234,
    67.05364990234375,
    64.64066314697266,
    63.641746520996094,
    66.03516387939453,
    65.70930480957031,
    66.96029663085938,
    70.84361267089844,
    64.64015197753906,
    64.17838287353516,
    62.95295715332031,
    66.6736831665039,
    63.66683578491211,
    65.3985824584961,
    63.63022232055664,
    63.51858139038086,
    62.807044982910156,
    62.36293029785156,
    63.62311935424805,
    62.60759353637695,
    64.330322265625,
    63.85836410522461,
    64.17163848876953,
    63.36962127685547,
    62.90559768676758,
    62.46654510498047,
    62.81996154785156,
    63.00714111328125,
    63.36620330810547,
    62.602210998535156,
    62.72080993652344,
    62.832828521728516,
    62.71659469604492
  ],