{
  "threshold": 0.0558185875415802,
  "threshold_method": "mean + 3.0*std",
  "normal_scores": {
    "mean": 0.03119957260787487,
    "std": 0.008867012336850166,
    "min": 0.019555822014808655,
    "max": 0.10571620613336563
  },
  "anomaly_scores": {
    "mean": 0.7754642963409424,
    "std": 0.6321263313293457,
    "min": 0.11191470175981522,
    "max": 4.494815826416016
  },
  "detection": {
    "normal_accuracy": 96.91489361702128,
    "anomaly_detection_rate": 100.0,
    "false_positive_rate": 3.085106382978722,
    "false_negative_rate": 0.0
  },
  "roc": {
    "auc": 1.0,
    "optimal_threshold": 0.11191470175981522,
    "optimal_tpr": 1.0,
    "optimal_fpr": 0.0
  },
  "precision_recall": {
    "pr_auc": 1.0
  }
}