{
  "total_loss": [
    377.7265625,
    167.57484436035156,
    150.42852783203125,
    134.52711486816406,
    126.3854751586914,
    117.45933532714844,
    109.023681640625,
    101.20818328857422,
    95.37042999267578,
    99.54771423339844,
    92.9412841796875,
    87.27710723876953,
    87.5957260131836,
    85.56379699707031,
    80.686767578125,
    76.68316650390625,
    75.69832611083984,
    80.7249526977539,
    72.90756225585938,
    73.10578918457031,
    77.1270980834961,
    72.9193344116211,
    71.18159484863281,
    69.68148040771484,
    65.5573501586914,
    69.23542022705078,
    64.44657135009766,
    66.15008544921875,
    65.57076263427734,
    64.37480926513672,
    64.06678009033203,
    62.557151794433594,
    63.459373474121094,
    62.01396179199219,
    59.60157012939453,
    59.76716613769531,
    59.2022590637207,
    60.27892303466797,
    59.062923431396484,
    58.832393646240234,
    58.65166473388672,
    57.36457061767578,
    57.88513946533203,
    57.776607513427734,
    59.32219696044922,
    55.97330093383789,
    58.69116973876953,
    56.1950569152832,
    57.27550506591797,
    57.095123291015625,
    55.50699996948242,
    55.42257308959961,
    55.0694580078125,
    57.65557098388672,
    55.74712371826172,
    55.52941131591797,
    55.944114685058594,
    55.384456634521484,
    55.09994125366211,
    53.62049102783203,
    56.013824462890625,
    53.953086853027344,
    52.64689254760742,
    53.54182434082031,
    54.60011672973633,
    54.42060470581055,
    54.19558334350586,
    56.029884338378906,
    54.69084548950195,
    54.6673698425293,
    53.17287826538086,
    52.396488189697266,
    53.14235305786133,
    55.645809173583984,
    55.36899185180664,
    53.73331069946289,
    54.53435516357422,
    51.50285339355469,
    52.21457290649414,
    53.90171813964844,
    53.49485397338867,
    53.5648307800293,
    53.94087600708008,
    51.99308395385742,
    53.98225402832031,
    54.0495719909668,
    54.256324768066406
  ],
  "reconstruction_loss": [
    376.0947265625,
    166.1532440185547,
    149.41085815429688,
    133.79368591308594,
    125.6648941040039,
    116.79814910888672,
    108.39480590820312,
    100.54206848144531,
    94.75481414794922,
    98.9064712524414,
    92.27920532226562,
    86.66117858886719,
    86.96504211425781,
    84.93634796142578,
    80.07239532470703,
    76.08287811279297,
    75.10375213623047,
    80.11027526855469,
    72.29641723632812,
    72.50924682617188,
    76.53665161132812,
    72.34330749511719,
    70.6196517944336,
    69.14553833007812,
    65.04180145263672,
    68.73408508300781,
    63.957759857177734,
    65.67644500732422,
    65.10494995117188,
    63.9084358215332,
    63.60749816894531,
    62.104225158691406,
    63.013240814208984,
    61.57370376586914,
    59.16779327392578,
    59.344749450683594,
    58.786014556884766,
    59.868263244628906,
    58.65441131591797,
    58.430057525634766,
    58.25634002685547,
    56.97380828857422,
    57.497894287109375,
    57.391578674316406,
    58.9412841796875,
    55.58967971801758,
    58.31470489501953,
    55.82244110107422,
    56.90651321411133,
    56.72904968261719,
    55.145721435546875,
    55.06470489501953,
    54.71330261230469,
    57.3021354675293,
    55.39640426635742,
    55.18121337890625,
    55.59740447998047,
    55.03989791870117,
    54.75701141357422,
    53.2779426574707,
    55.672332763671875,
    53.61247253417969,
    52.30805969238281,
    53.20402908325195,
    54.262935638427734,
    54.084720611572266,
    53.861663818359375,
    55.69654846191406,
    54.358619689941406,
    54.336097717285156,
    52.842323303222656,
    52.06748962402344,
    52.81340408325195,
    55.31700134277344,
    55.041114807128906,
    53.40618896484375,
    54.2083740234375,
    51.17771530151367,
    51.88933181762695,
    53.57685470581055,
    53.17029571533203,
    53.24015426635742,
    53.6162223815918,
    51.66954040527344,
    53.658226013183594,
    53.72499084472656,
    53.933441162109375
  ],
  "kl_loss": [
    1631.850830078125,
    1421.592529296875,
    1017.6554565429688,
    733.4065551757812,
    720.5396728515625,
    661.1958618164062,
    628.9013061523438,
    666.1065673828125,
    615.624267578125,
    641.2394409179688,
    662.0662841796875,
    615.9314575195312,
    630.6790771484375,
    627.4584350585938,
    614.3762817382812,
    600.296142578125,
    594.592041015625,
    614.6748657226562,
    611.1254272460938,
    596.5518798828125,
    590.4520874023438,
    576.0445556640625,
    561.9280395507812,
    535.9296875,
    515.5476684570312,
    501.3387756347656,
    488.8094482421875,
    473.6458435058594,
    465.8193359375,
    466.3695373535156,
    459.2973937988281,
    452.92218017578125,
    446.1134948730469,
    440.23968505859375,
    433.7597961425781,
    422.4247741699219,
    416.2435607910156,
    410.6607971191406,
    408.509765625,
    402.3335876464844,
    395.3395080566406,
    390.7461242675781,
    387.2460021972656,
    385.0215759277344,
    380.9197692871094,
    383.6129455566406,
    376.4544982910156,
    372.61383056640625,
    368.9931945800781,
    366.0881042480469,
    361.26593017578125,
    357.8730163574219,
    356.15325927734375,
    353.4461364746094,
    350.70526123046875,
    348.1937255859375,
    346.7160949707031,
    344.57012939453125,
    342.9479675292969,
    342.5443420410156,
    341.49658203125,
    340.63067626953125,
    338.8399353027344,
    337.79705810546875,
    337.17919921875,
    335.87713623046875,
    333.93743896484375,
    333.3338623046875,
    332.218017578125,
    331.2779235839844,
    330.552490234375,
    328.9945373535156,
    328.9438171386719,
    328.79534912109375,
    327.87139892578125,
    327.1368713378906,
    325.982421875,
    325.1431579589844,
    325.24237060546875,
    324.8667297363281,
    324.5539855957031,
    324.6791076660156,
    324.6528625488281,
    323.53802490234375,
    324.0089111328125,
    324.5899353027344,
    322.8955078125
  ],