{
  "mean": -46.312198638916016,
  "std": 16.456653594970703,
  "fitted": true
}