{
  "mean": -42.75925827026367,
  "std": 17.662689208984375,
  "fitted": true
}