{
  "mean": -45.706180572509766,
  "std": 16.130123138427734,
  "fitted": true
}