{
  "threshold": 0.06539658457040787,
  "mean": 0.03144001588225365,
  "std": 0.011318855918943882,
  "k": 3.0
}