{
  "threshold": 0.06,
  "mean": 0.03338101878762245,
  "std": 0.0070157223381102085,
  "k": 3.0
}