{
  "total_loss": [
    265.9479064941406,
    158.14491271972656,
    132.6092071533203,
    120.9079818725586,
    115.31767272949219,
    108.88650512695312,
    107.28060913085938,
    103.06452941894531,
    98.98344421386719,
    94.45274353027344,
    90.74514770507812,
    90.96955108642578,
    84.33311462402344,
    82.5932846069336,
    82.27403259277344,
    81.84270477294922,
    81.48416900634766,
    81.11701202392578,
    81.39043426513672,
    80.39990997314453,
    79.4633560180664,
    79.200439453125,
    79.51363372802734,
    76.27898406982422,
    75.72969818115234,
    75.27429962158203,
    75.32695007324219,
    75.01683807373047,
    75.08843231201172,
    74.73198699951172,
    74.72005462646484,
    74.33387756347656,
    72.59971618652344,
    72.59759521484375,
    72.71223449707031,
    72.41845703125,
    72.33911895751953,
    72.38426208496094,
    71.98464965820312,
    71.91813659667969,
    71.54318237304688,
    71.610595703125,
    70.85133361816406,
    70.73352813720703,
    70.69645690917969,
    70.50730895996094,
    70.47066497802734,
    70.4532241821289,
    70.42948913574219,
    70.33434295654297,
    70.23241424560547,
    70.12834930419922,
    69.76349639892578,
    69.65396118164062,
    69.68621826171875,
    69.61006164550781,
    69.60375213623047,
    69.55819702148438,
    69.31112670898438,
    69.23735046386719,
    69.25462341308594,
    69.30599212646484,
    69.23036193847656,
    69.08938598632812,
    69.10179138183594,
    69.06163787841797,
    69.0818099975586,
    69.05439758300781
  ],
  "reconstruction_loss": [
    264.29486083984375,
    157.58705139160156,
    132.01658630371094,
    120.2875747680664,
    114.66459655761719,
    108.2174072265625,
    106.58834075927734,
    102.33723449707031,
    98.16429901123047,
    93.57478332519531,
    89.880615234375,
    90.09526062011719,
    83.50465393066406,
    81.84829711914062,
    81.566162109375,
    81.16645050048828,
    80.8272933959961,
    80.48329162597656,
    80.76106262207031,
    79.77637481689453,
    78.8642349243164,
    78.61150360107422,
    78.92349243164062,
    75.716064453125,
    75.19244384765625,
    74.76000213623047,
    74.824951171875,
    74.52920532226562,
    74.60611724853516,
    74.2640380859375,
    74.25802612304688,
    73.87972259521484,
    72.15767669677734,
    72.16661071777344,
    72.28870391845703,
    72.0020980834961,
    71.93052673339844,
    71.98159790039062,
    71.5862808227539,
    71.52487182617188,
    71.15626525878906,
    71.22791290283203,
    70.47395324707031,
    70.36093139648438,
    70.32669830322266,
    70.14201354980469,
    70.10842895507812,
    70.09473419189453,
    70.07341766357422,
    69.98111724853516,
    69.88300323486328,
    69.7820816040039,
    69.41876983642578,
    69.31269073486328,
    69.34555053710938,
    69.2721176147461,
    69.26712036132812,
    69.22282409667969,
    68.97808074951172,
    68.90558624267578,
    68.9232177734375,
    68.97488403320312,
    68.90166473388672,
    68.76109313964844,
    68.77304077148438,
    68.73399353027344,
    68.75457000732422,
    68.72748565673828
  ],
  "kl_loss": [
    1652.9818115234375,
    557.8251342773438,
    592.6524658203125,
    620.433837890625,
    653.0516967773438,
    669.1509399414062,
    692.2468872070312,
    727.25341796875,
    819.12939453125,
    877.9443359375,
    864.5345458984375,
    874.2552490234375,
    828.4188842773438,
    744.9506225585938,
    707.8590698242188,
    676.2587280273438,
    656.8784790039062,
    633.7499389648438,
    629.4035034179688,
    623.5796508789062,
    599.1376342773438,
    588.9558715820312,
    590.1402587890625,
    562.9421997070312,
    537.2357177734375,
    514.2774658203125,
    501.9997863769531,
    487.5986328125,
    482.3070068359375,
    467.9281005859375,
    462.0232238769531,
    454.1686096191406,
    442.0528564453125,
    430.9814758300781,
    423.5531921386719,
    416.3232421875,
    408.5869140625,
    402.6591491699219,
    398.3647155761719,
    393.3042907714844,
    386.8928527832031,
    382.6527099609375,
    377.3832092285156,
    372.5967102050781,
    369.7132873535156,
    365.29071044921875,
    362.2369384765625,
    358.5168762207031,
    356.02252197265625,
    353.198486328125,
    349.4400329589844,
    346.2568664550781,
    344.71527099609375,
    341.2873229980469,
    340.6681823730469,
    337.93914794921875,
    336.5742492675781,
    335.3907775878906,
    333.067138671875,
    331.76715087890625,
    331.3651123046875,
    331.1406555175781,
    328.7038879394531,
    328.318603515625,
    328.7442321777344,
    327.62860107421875,
    327.2205505371094,
    326.91766357421875
  ],
  "val_total_loss": [
    459.1947937011719,
    126.99549102783203,
    158.92901611328125,
    117.19013977050781,
    141.12574768066406,
    122.44454956054688,
    98.08943176269531,
    100.53650665283203,
    100.51969146728516,
    111.09640502929688,
    100.2987289428711,
    128.44174194335938,
    81.77074432373047,
    83.49986267089844,
    83.22991943359375,
    83.19221496582031,
    81.93218994140625,
    81.32303619384766,
    85.82233428955078,
    85.05194091796875,
    89.49198913574219,
    82.28063201904297,
    82.30736541748047,
    81.78594970703125,
    80.93264770507812,
    80.33173370361328,
    79.39691925048828,
    85.35850524902344,
    82.92780303955078,
    80.81543731689453,
    79.95085906982422,
    79.9036636352539,
    79.56587982177734,
    79.39423370361328,
    79.41075897216797,
    79.85285949707031,
    79.2019271850586,
    79.51834869384766,
    79.50889587402344,
    79.64066314697266,
    79.97020721435547,
    79.84149169921875,
    79.34818267822266,
    79.2995376586914,
    79.29718017578125,
    79.58873748779297,
    79.1965103149414,
    79.49724578857422,
    79.21707916259766,
    79.26063537597656,
    79.22970581054688,
    79.84392547607422,
    79.0670166015625,
    79.23367309570312,
    79.08872985839844,
    79.31216430664062,
    79.15400695800781,
    79.18892669677734,
    79.16918182373047,
    79.29872131347656,
    79.34602355957031,
    79.4599609375,
    79.16226196289062,
    79.1570053100586,
    79.08538055419922,
    79.15240478515625,
    79.18440246582031,
    79.11064147949219
  ],
  "val_reconstruction_loss": [
    458.8921813964844,
    126.49211883544922,
    158.26210021972656,
    116.52386474609375,
    140.3939971923828,
    121.71503448486328,
    97.37405395507812,
    99.71366882324219,
    99.63651275634766,
    110.18341064453125,
    99.46542358398438,
    127.50213623046875,
    80.9870834350586,
    82.7621841430664,
    82.54962158203125,
    82.54251861572266,
    81.29511260986328,
    80.71778106689453,
    85.18878936767578,
    84.43917846679688,
    88.91097259521484,
    81.69696044921875,
    81.74006652832031,
    81.2469482421875,
    80.42044830322266,
    79.8315658569336,
    78.90259552001953,
    84.89433288574219,
    82.46790313720703,
    80.35603332519531,
    79.50479125976562,
    79.4590072631836,
    79.13922882080078,
    78.97660064697266,
    78.99801635742188,
    79.44976043701172,
    78.80279541015625,
    79.12771606445312,
    79.1193618774414,
    79.25858306884766,
    79.5921401977539,
    79.47269439697266,
    78.97827911376953,
    78.93490600585938,
    78.9355697631836,
    79.23274993896484,
    78.84416198730469,
    79.1482925415039,
    78.86962127685547,
    78.91481018066406,
    78.88705444335938,
    79.50652313232422,
    78.72893524169922,
    78.89801788330078,
    78.7546157836914,
    78.98021697998047,
    78.82308959960938,
    78.8590087890625,
    78.84156036376953,
    78.97331237792969,
    79.02082061767578,
    79.13642120361328,
    78.8385009765625,
    78.8331069946289,
    78.76240539550781,
    78.82929229736328,
    78.86253356933594,
    78.78950500488281
  ],