{
  "total_loss": [
    382.66070556640625,
    169.05960083007812,
    146.6064910888672,
    131.38856506347656,
    119.41603088378906,
    107.95947265625,
    107.27647399902344,
    96.14595794677734,
    96.4427719116211,
    89.6266860961914,
    95.414306640625,
    84.96300506591797,
    84.78244018554688,
    81.27821350097656,
    81.09679412841797,
    82.63482666015625,
    78.28845977783203,
    77.19771575927734,
    79.1759262084961,
    79.17748260498047,
    75.33769989013672,
    73.50834655761719,
    67.6555404663086,
    67.20178985595703,
    64.37439727783203,
    66.72319793701172,
    64.6502685546875,
    64.5785903930664,
    65.65006256103516,
    64.1827163696289,
    63.72114944458008,
    65.23860931396484,
    62.95563888549805,
    58.319854736328125,
    60.000572204589844,
    60.49347686767578,
    59.39651107788086,
    59.426963806152344,
    60.38642120361328,
    61.33549880981445,
    57.920631408691406,
    57.12836456298828,
    56.878135681152344,
    57.272117614746094,
    57.24554443359375,
    57.23756408691406,
    56.36841583251953,
    56.595062255859375,
    56.08195877075195,
    55.7616081237793,
    55.75126647949219,
    55.6717643737793,
    55.368927001953125,
    56.08535385131836,
    56.05329132080078,
    54.24001693725586,
    53.507728576660156,
    53.8682746887207,
    54.504722595214844,
    56.32454299926758,
    53.25859832763672,
    54.31964111328125,
    54.03261184692383,
    52.98024368286133,
    53.98940658569336,
    54.094154357910156,
    51.991268157958984,
    52.8731575012207,
    53.65754699707031,
    53.38949966430664,
    53.526187896728516,
    53.744441986083984,
    52.362281799316406,
    54.486656188964844,
    53.43665313720703,
    53.43378448486328,
    52.73411178588867,
    52.61880111694336,
    52.70438766479492,
    52.50724792480469,
    52.37177658081055,
    51.8288459777832,
    52.537532806396484,
    52.22475814819336,
    51.69281768798828,
    52.47475051879883,
    51.457862854003906,
    52.66889572143555,
    52.52211380004883,
    52.20156478881836,
    54.48776626586914,
    53.43553924560547,
    52.08685302734375,
    51.80226516723633,
    52.688777923583984,
    52.508872985839844,
    51.6412239074707,
    53.42308807373047,
    52.144371032714844,
    52.20579147338867
  ],
  "reconstruction_loss": [
    380.4874267578125,
    167.6103973388672,
    145.6789093017578,
    130.66490173339844,
    118.72891235351562,
    107.27333068847656,
    106.60653686523438,
    95.44342803955078,
    95.75859069824219,
    88.9509506225586,
    94.7316665649414,
    84.25996398925781,
    84.08708953857422,
    80.5798110961914,
    80.41673278808594,
    81.96709442138672,
    77.61580657958984,
    76.53213500976562,
    78.51409912109375,
    78.50598907470703,
    74.65338134765625,
    72.84056854248047,
    67.01195526123047,
    66.5917739868164,
    63.79153060913086,
    66.16094207763672,
    64.10154724121094,
    64.04364776611328,
    65.125732421875,
    63.66777801513672,
    63.20782470703125,
    64.72675323486328,
    62.451683044433594,
    57.831024169921875,
    59.51941680908203,
    60.01921844482422,
    58.93684387207031,
    58.972957611083984,
    59.938270568847656,
    60.894439697265625,
    57.489166259765625,
    56.70167922973633,
    56.453582763671875,
    56.85409927368164,
    56.83163070678711,
    56.828346252441406,
    55.96269226074219,
    56.18976974487305,
    55.68346405029297,
    55.36600112915039,
    55.3614501953125,
    55.28117752075195,
    54.981258392333984,
    55.70009231567383,
    55.6741943359375,
    53.86083984375,
    53.133907318115234,
    53.49516296386719,
    54.13417053222656,
    55.95427703857422,
    52.891990661621094,
    53.95534896850586,
    53.67048263549805,
    52.6189079284668,
    53.63022232055664,
    53.73579788208008,
    51.63330078125,
    52.51813888549805,
    53.30167007446289,
    53.037353515625,
    53.17613220214844,
    53.394222259521484,
    52.01432800292969,
    54.13850784301758,
    53.088436126708984,
    53.08796310424805,
    52.38905334472656,
    52.27463150024414,
    52.360328674316406,
    52.163795471191406,
    52.0286979675293,
    51.487098693847656,
    52.1947021484375,
    51.88259506225586,
    51.35144805908203,
    52.133575439453125,
    51.117401123046875,
    52.32780838012695,
    52.18154525756836,
    51.86198806762695,
    54.14656448364258,
    53.09537887573242,
    51.74836730957031,
    51.463287353515625,
    52.349281311035156,
    52.1705322265625,
    51.302642822265625,
    53.0848388671875,
    51.807411193847656,
    51.86782455444336
  ],
  "kl_loss": [
    2173.27294921875,
    1449.1715087890625,
    927.62060546875,
    723.677734375,
    687.139404296875,
    686.1452026367188,
    669.9345703125,
    702.5145263671875,
    684.1987915039062,
    675.7496948242188,
    682.6320190429688,
    703.0358276367188,
    695.3338012695312,
    698.3833618164062,
    680.0454711914062,
    667.7454223632812,
    672.659423828125,
    665.5770263671875,
    661.8258056640625,
    671.4811401367188,
    684.2962036132812,
    667.7862548828125,
    643.5830078125,
    610.0234375,
    582.8689575195312,
    562.2438354492188,
    548.709716796875,
    534.9486694335938,
    524.3115234375,
    514.9341430664062,
    513.3291625976562,
    511.859375,
    503.9583435058594,
    488.8457336425781,
    481.1484375,
    474.2626037597656,
    459.657470703125,
    453.9927673339844,
    448.1708068847656,
    441.06463623046875,
    431.4686279296875,
    426.6802978515625,
    424.54962158203125,
    418.0151062011719,
    413.9032897949219,
    409.2070007324219,
    405.7131652832031,
    405.2839050292969,
    398.4999694824219,
    395.62481689453125,
    389.8091125488281,
    390.5862121582031,
    387.6705017089844,
    385.26123046875,
    379.10552978515625,
    379.1800231933594,
    373.8304748535156,
    373.1094055175781,
    370.5724182128906,
    370.2698669433594,
    366.61083984375,
    364.2923583984375,
    362.1210632324219,
    361.341796875,
    359.1833801269531,
    358.3587341308594,
    357.9556884765625,
    355.02313232421875,
    355.8746337890625,
    352.1206359863281,
    350.0520935058594,
    350.19781494140625,
    347.95465087890625,
    348.1460266113281,
    348.2335510253906,
    345.7958068847656,
    345.0502014160156,
    344.1736755371094,
    344.0557556152344,
    343.4508361816406,
    343.0841369628906,
    341.74945068359375,
    342.8330078125,
    342.1700134277344,
    341.3724670410156,
    341.1798400878906,
    340.46624755859375,
    341.0799255371094,
    340.5791015625,
    339.58221435546875,
    341.1909484863281,
    340.1617431640625,
    338.494384765625,
    338.9737548828125,
    339.4945068359375,
    338.3492126464844,
    338.5827941894531,
    338.2490539550781,
    336.9423522949219,
    337.9742126464844
  ],